{"text": " The story of Stuart is a good movie.", "segments": [{"id": 0, "seek": 0, "start": 0.0, "end": 3.0, "text": " The story of Stuart is a good movie.", "tokens": [50364, 440, 1657, 295, 36236, 307, 257, 665, 3169, 13, 50514], "temperature": 0.0, "avg_logprob": -0.9422545433044434, "compression_ratio": 0.8181818181818182, "no_speech_prob": 0.03939949721097946}], "language": "en"}